{
  "page_likes": [
    {
      "name": "Sommercasino Basel",
      "timestamp": 1547353722
    },
    {
      "name": "Dwayne The Rock Johnson",
      "timestamp": 1547312957
    },
    {
      "name": "Agrafena",
      "timestamp": 1547202800
    },
    {
      "name": "Teoria Gender Per La Vita",
      "timestamp": 1547202227
    },
    {
      "name": "EXIL",
      "timestamp": 1546576749
    },
    {
      "name": "Salut c'est cool",
      "timestamp": 1545923907
    },
    {
      "name": "KIM - Critical Artificial Intelligence",
      "timestamp": 1544379413
    },
    {
      "name": "Computerphile",
      "timestamp": 1543947993
    },
    {
      "name": "Aha Festival",
      "timestamp": 1543585249
    },
    {
      "name": "Schwesterprojekt - Queer Kollektiv Basel",
      "timestamp": 1543401725
    },
    {
      "name": "Cartoni della Pizza Brutti",
      "timestamp": 1541630190
    },
    {
      "name": "Die Wochenzeitung - WOZ",
      "timestamp": 1541408816
    },
    {
      "name": "Republik",
      "timestamp": 1541408812
    },
    {
      "name": "Aeon",
      "timestamp": 1541165651
    },
    {
      "name": "Everything Is Terrible",
      "timestamp": 1540750304
    },
    {
      "name": "Dampfzentrale Bern",
      "timestamp": 1539971878
    },
    {
      "name": "Tailer Studio",
      "timestamp": 1537459087
    },
    {
      "name": "Journal of Design and Science",
      "timestamp": 1536917148
    },
    {
      "name": "Hirscheneck",
      "timestamp": 1536422514
    },
    {
      "name": "Hide the Pain Harold",
      "timestamp": 1534955843
    },
    {
      "name": "Rhizome",
      "timestamp": 1534938965
    },
    {
      "name": "CreativeApplications.Net",
      "timestamp": 1534938957
    },
    {
      "name": "ZKM - Zentrum f\u00c3\u00bcr Kunst und Medien Karlsruhe",
      "timestamp": 1534938955
    },
    {
      "name": "Lise Dua",
      "timestamp": 1532942166
    },
    {
      "name": "NODE festival",
      "timestamp": 1532616137
    },
    {
      "name": "Studio H\u00c3\u00bcbner Braun",
      "timestamp": 1530626352
    },
    {
      "name": "Gray Area Art + Technology",
      "timestamp": 1530280155
    },
    {
      "name": "Theaterfestival Basel",
      "timestamp": 1530020963
    },
    {
      "name": "The Atlantic",
      "timestamp": 1530019325
    },
    {
      "name": "WIRED",
      "timestamp": 1529858800
    },
    {
      "name": "Art Omi",
      "timestamp": 1529829643
    },
    {
      "name": "Furen Dai",
      "timestamp": 1529769098
    },
    {
      "name": "\u00e6\u0096\u0087\u00e5\u008c\u0096\u00e5\u00ba\u0081\u00e3\u0083\u00a1\u00e3\u0083\u0087\u00e3\u0082\u00a3\u00e3\u0082\u00a2\u00e8\u008a\u00b8\u00e8\u00a1\u0093\u00e7\u00a5\u00ad \u00ef\u00bd\u009c Japan Media Arts Festival",
      "timestamp": 1528537265
    },
    {
      "name": "Not",
      "timestamp": 1527511584
    },
    {
      "name": "ROXY Birsfelden",
      "timestamp": 1527259537
    },
    {
      "name": "e-flux",
      "timestamp": 1527236765
    },
    {
      "name": "Flatterschafft",
      "timestamp": 1526813699
    },
    {
      "name": "Studio International",
      "timestamp": 1526770094
    },
    {
      "name": "FG Gender Studies Uni Basel",
      "timestamp": 1526558404
    },
    {
      "name": "Agar Agar",
      "timestamp": 1526547045
    },
    {
      "name": "Publishing in Architecture",
      "timestamp": 1526455615
    },
    {
      "name": "Bonjourbaby",
      "timestamp": 1525381905
    },
    {
      "name": "Lahar Berlin",
      "timestamp": 1522869243
    },
    {
      "name": "Mystical Adventures",
      "timestamp": 1522140891
    },
    {
      "name": "Disruption Network Lab",
      "timestamp": 1522101933
    },
    {
      "name": "Design for Migration",
      "timestamp": 1521188128
    },
    {
      "name": "Cairotronica \u00d9\u0083\u00d8\u00a7\u00d9\u008a\u00d8\u00b1\u00d9\u0088\u00d8\u00aa\u00d8\u00b1\u00d9\u0088\u00d9\u0086\u00d9\u008a\u00d9\u0083\u00d8\u00a7",
      "timestamp": 1517941653
    },
    {
      "name": "Entreprecariat",
      "timestamp": 1517267293
    },
    {
      "name": "SNF FNS SNSF",
      "timestamp": 1516293409
    },
    {
      "name": "Mapping Festival",
      "timestamp": 1514731269
    },
    {
      "name": "Powercoders",
      "timestamp": 1513622910
    },
    {
      "name": "Swissdesignnetwork SDN",
      "timestamp": 1509842384
    },
    {
      "name": "Galerie Falko Alexander",
      "timestamp": 1509657955
    },
    {
      "name": "\u00e2\u0088\u0091 SUMME",
      "timestamp": 1509034196
    },
    {
      "name": "Regionale",
      "timestamp": 1508850401
    },
    {
      "name": "FabLab Z\u00c3\u00bcrich",
      "timestamp": 1508770380
    },
    {
      "name": "Museomix CH",
      "timestamp": 1508615073
    },
    {
      "name": "Jesse Kanda",
      "timestamp": 1508170638
    },
    {
      "name": "Cool 3D World",
      "timestamp": 1508170359
    },
    {
      "name": "M\u00c3\u00a4nner Raus",
      "timestamp": 1508163298
    },
    {
      "name": "Jerobeam Fenderson",
      "timestamp": 1507395976
    },
    {
      "name": "Being Okey",
      "timestamp": 1506598496
    },
    {
      "name": "Mira Film-Gmbh",
      "timestamp": 1506417522
    },
    {
      "name": "onformative",
      "timestamp": 1506199628
    },
    {
      "name": "Fluxdock",
      "timestamp": 1505987411
    },
    {
      "name": "Lottozero / textile laboratories",
      "timestamp": 1505499042
    },
    {
      "name": "Third Space Network",
      "timestamp": 1505164635
    },
    {
      "name": "Critical Media Lab Basel",
      "timestamp": 1504819558
    },
    {
      "name": "Migrant Journal",
      "timestamp": 1504605849
    },
    {
      "name": "Homeostasis Lab",
      "timestamp": 1504217639
    },
    {
      "name": "The Wrong",
      "timestamp": 1504184081
    },
    {
      "name": "NOVA",
      "timestamp": 1503911191
    },
    {
      "name": "Ars Electronica",
      "timestamp": 1503237990
    },
    {
      "name": "Kidsbit",
      "timestamp": 1503052883
    },
    {
      "name": "TEOK Basel",
      "timestamp": 1502183777
    },
    {
      "name": "Mut zur Wut",
      "timestamp": 1502123071
    },
    {
      "name": "D\u00c3\u00a9but D\u00c3\u00a9but",
      "timestamp": 1500647344
    },
    {
      "name": "Kensuke Koike",
      "timestamp": 1500373468
    },
    {
      "name": "Randi Siegel Entertainment",
      "timestamp": 1499848101
    },
    {
      "name": "Digicult",
      "timestamp": 1499122477
    },
    {
      "name": "CTM Festival",
      "timestamp": 1499010419
    },
    {
      "name": "The Outline",
      "timestamp": 1498222297
    },
    {
      "name": "Notizie.it Il Meglio di Mr",
      "timestamp": 1497979870
    },
    {
      "name": "Pro Helvetia",
      "timestamp": 1497885887
    },
    {
      "name": "Christoph Merian Verlag",
      "timestamp": 1497282709
    },
    {
      "name": "Riccardo Magherini",
      "timestamp": 1497044630
    },
    {
      "name": "St\u00c3\u00b8j",
      "timestamp": 1496768783
    },
    {
      "name": "VOLUCE",
      "timestamp": 1495697675
    },
    {
      "name": "Autonomes Forum Uni Basel - Kritische Wissenschaft, Wissenschaftskritik",
      "timestamp": 1493891559
    },
    {
      "name": "Atelier Mondial - International Arts Exchange Program",
      "timestamp": 1493753790
    },
    {
      "name": "Neural",
      "timestamp": 1493753663
    },
    {
      "name": "Pew Research Center",
      "timestamp": 1493123906
    },
    {
      "name": "MuDA",
      "timestamp": 1492891969
    },
    {
      "name": "The Guardian",
      "timestamp": 1492090532
    },
    {
      "name": "Jugend hackt",
      "timestamp": 1491671107
    },
    {
      "name": "Videoex",
      "timestamp": 1490003799
    },
    {
      "name": "berger and Co.",
      "timestamp": 1488577610
    },
    {
      "name": "The 3D Additivist Cookbook",
      "timestamp": 1487111952
    },
    {
      "name": "Spektrum Berlin",
      "timestamp": 1486502495
    },
    {
      "name": "MIT Media Lab",
      "timestamp": 1485454387
    },
    {
      "name": "\u00e6\u00b5\u00ae\u00e4\u00b8\u0096\u00e7\u00b5\u00b5 Ukiyo-e : Japanese Prints",
      "timestamp": 1485347777
    },
    {
      "name": "M\u00c3\u00b6bius Design Studio",
      "timestamp": 1482923120
    },
    {
      "name": "3rei5\u00c3\u00bcnf6echs",
      "timestamp": 1482494891
    },
    {
      "name": "IOCOSE",
      "timestamp": 1481927319
    },
    {
      "name": "YAAY",
      "timestamp": 1479743652
    },
    {
      "name": "Leerraum.offen",
      "timestamp": 1479644625
    },
    {
      "name": "Fotofestiwal Lodz",
      "timestamp": 1479042092
    },
    {
      "name": "transmediale - festival for art and digital culture berlin",
      "timestamp": 1478707499
    },
    {
      "name": "Fictional Journal",
      "timestamp": 1477872932
    },
    {
      "name": "Sonia Yassa",
      "timestamp": 1477643672
    },
    {
      "name": "NODUS LABS - Network Analysis and Visualization",
      "timestamp": 1477464890
    },
    {
      "name": "Onion Design",
      "timestamp": 1477158265
    },
    {
      "name": "Dymax.i\u00c3\u00b8n",
      "timestamp": 1474284948
    },
    {
      "name": "Abbatto i Muri",
      "timestamp": 1473881574
    },
    {
      "name": "DRECK Magazine",
      "timestamp": 1472048105
    },
    {
      "name": "BOLO Paper",
      "timestamp": 1471264592
    },
    {
      "name": "A Roland for an Oliver",
      "timestamp": 1471161448
    },
    {
      "name": "Movimento per l'Emancipazione della Poesia",
      "timestamp": 1469878489
    },
    {
      "name": "Slanted Blog Magazine",
      "timestamp": 1468051126
    },
    {
      "name": "The Basel School of Design - Institut Visuelle Kommunikation HGK FHNW",
      "timestamp": 1468050960
    },
    {
      "name": "Weltformat",
      "timestamp": 1467999256
    },
    {
      "name": "Creative Coding School",
      "timestamp": 1465203987
    },
    {
      "name": "Sedici",
      "timestamp": 1464957488
    },
    {
      "name": "Mike Pelletier",
      "timestamp": 1463334109
    },
    {
      "name": "The Independent AIR",
      "timestamp": 1463057652
    },
    {
      "name": "Matrix",
      "timestamp": 1463042984
    },
    {
      "name": "Konsens Magazin",
      "timestamp": 1463042978
    },
    {
      "name": "Matrix 20 Reloaded",
      "timestamp": 1463042967
    },
    {
      "name": "Hauser, Schwarz",
      "timestamp": 1463042962
    },
    {
      "name": "DEPOT BASEL",
      "timestamp": 1461660905
    },
    {
      "name": "Archivio Tipografico",
      "timestamp": 1461500949
    },
    {
      "name": "Cotonfioc Festival",
      "timestamp": 1461500561
    },
    {
      "name": "BURN MAGAZINE",
      "timestamp": 1461157650
    },
    {
      "name": "Joan Cornell\u00c3\u00a0",
      "timestamp": 1461149778
    },
    {
      "name": "Institut Kunst HGK FHNW",
      "timestamp": 1459592617
    },
    {
      "name": "POPUP PRESS",
      "timestamp": 1457961216
    },
    {
      "name": "Feldberg Zine",
      "timestamp": 1457886711
    },
    {
      "name": "Kosmos",
      "timestamp": 1455436989
    },
    {
      "name": "BA Visual Communication ZHdK",
      "timestamp": 1454543612
    },
    {
      "name": "The Heavy Collective",
      "timestamp": 1454494841
    },
    {
      "name": "DOCK Archiv, Diskurs- und Kunstraum",
      "timestamp": 1454403794
    },
    {
      "name": "Zur Bleibe",
      "timestamp": 1453243474
    },
    {
      "name": "Kunstraum Florenz",
      "timestamp": 1452872396
    },
    {
      "name": "iart",
      "timestamp": 1452872349
    },
    {
      "name": "YET magazine",
      "timestamp": 1451175076
    },
    {
      "name": "Narr. Das narrativistische Literaturmagazin",
      "timestamp": 1450777470
    },
    {
      "name": "Hochschule f\u00c3\u00bcr Gestaltung und Kunst FHNW",
      "timestamp": 1450563609
    },
    {
      "name": "Oslo10",
      "timestamp": 1450480323
    },
    {
      "name": "HeK - Haus der elektronischen K\u00c3\u00bcnste Basel",
      "timestamp": 1450480320
    },
    {
      "name": "Ausstellungsraum Klingental",
      "timestamp": 1450480315
    },
    {
      "name": "Cycled Project",
      "timestamp": 1445496493
    },
    {
      "name": "Anti-Now",
      "timestamp": 1444769681
    },
    {
      "name": "Maybe Frank",
      "timestamp": 1444031323
    },
    {
      "name": "R0PMagazine",
      "timestamp": 1442156255
    },
    {
      "name": "Sou Sou Sf",
      "timestamp": 1441616818
    },
    {
      "name": "Aleppo International Photo festival",
      "timestamp": 1439976635
    },
    {
      "name": "Gianni Morandi",
      "timestamp": 1439243638
    },
    {
      "name": "Il Coinquilino di Merda",
      "timestamp": 1436953999
    },
    {
      "name": "Maison Loup",
      "timestamp": 1436947670
    },
    {
      "name": "Minimum Bouldering",
      "timestamp": 1436947478
    },
    {
      "name": "Tu Quoque",
      "timestamp": 1436618208
    },
    {
      "name": "Theater Neumarkt",
      "timestamp": 1435712151
    },
    {
      "name": "Slideluck Roma",
      "timestamp": 1435358841
    },
    {
      "name": "Tucano Bikini Artigianali",
      "timestamp": 1435160703
    },
    {
      "name": "Verzasca FOTO Festival",
      "timestamp": 1434650121
    },
    {
      "name": "ICP - International Center of Photography",
      "timestamp": 1433070820
    },
    {
      "name": "The British Journal of Photography",
      "timestamp": 1433070819
    },
    {
      "name": "European Photography",
      "timestamp": 1433070817
    },
    {
      "name": "TIME LightBox",
      "timestamp": 1433070815
    },
    {
      "name": "Magnum Photos",
      "timestamp": 1433070814
    },
    {
      "name": "VII Photo Agency",
      "timestamp": 1433070809
    },
    {
      "name": "La Fabbrica di Zurigo",
      "timestamp": 1432888686
    },
    {
      "name": "La Stanza di Ria Lussi",
      "timestamp": 1432418674
    },
    {
      "name": "Askavusa Lampedusa",
      "timestamp": 1432325887
    },
    {
      "name": "VICE",
      "timestamp": 1432191957
    },
    {
      "name": "Cascina Martesana",
      "timestamp": 1432066266
    },
    {
      "name": "Mondeggi Bene Comune",
      "timestamp": 1432012072
    },
    {
      "name": "Studio Veronika Wildgruber",
      "timestamp": 1430907338
    },
    {
      "name": "art:i:curate",
      "timestamp": 1430870092
    },
    {
      "name": "La Historia de un Punto",
      "timestamp": 1430005344
    },
    {
      "name": "J\u00c3\u00a9r\u00c3\u00a9mie P\u00c3\u00a9rin",
      "timestamp": 1429347067
    },
    {
      "name": "Athens Photo Festival",
      "timestamp": 1429181790
    },
    {
      "name": "Eclettico Spazi d'arte",
      "timestamp": 1429119707
    },
    {
      "name": "Booster",
      "timestamp": 1427150080
    },
    {
      "name": "Profondo Mosso",
      "timestamp": 1425923199
    },
    {
      "name": "Michelle Halbheer",
      "timestamp": 1425542083
    },
    {
      "name": "Federica Di Girolamo Photography",
      "timestamp": 1425448831
    },
    {
      "name": "Streetfoodfestival",
      "timestamp": 1425285945
    },
    {
      "name": "Life Framer",
      "timestamp": 1424790221
    },
    {
      "name": "UP STATE",
      "timestamp": 1423761513
    },
    {
      "name": "Inchiostri Ribelli - Tattoo & Riot Arts",
      "timestamp": 1423760821
    },
    {
      "name": "Istituto Svizzero",
      "timestamp": 1423072841
    },
    {
      "name": "SIGNAL ELECTRIQUE",
      "timestamp": 1422968035
    },
    {
      "name": "Leo Ortolani Official and Gentleman",
      "timestamp": 1421688377
    },
    {
      "name": "Curador",
      "timestamp": 1421345295
    },
    {
      "name": "Herb",
      "timestamp": 1420093277
    },
    {
      "name": "Magazzino Viveri",
      "timestamp": 1417508560
    },
    {
      "name": "7200.LineaRecta",
      "timestamp": 1416520980
    },
    {
      "name": "Chiara Gerini",
      "timestamp": 1415686541
    },
    {
      "name": "Die Artgemeinschaft-GGG e.V.",
      "timestamp": 1415571299
    },
    {
      "name": "Radgenossenschaft der Landstrasse",
      "timestamp": 1415566452
    },
    {
      "name": "Krampusse - K\u00c3\u00b6ck Pass St. Johann/Pg.",
      "timestamp": 1415420586
    },
    {
      "name": "Mossless",
      "timestamp": 1414412019
    },
    {
      "name": "Street-Cars-Club",
      "timestamp": 1413840321
    },
    {
      "name": "DeepAmigos schweiz",
      "timestamp": 1413840233
    },
    {
      "name": "A2_nuovi formati di residenza artistica",
      "timestamp": 1412968882
    },
    {
      "name": "Simple Sign",
      "timestamp": 1411551072
    },
    {
      "name": "Friends With Both Arms",
      "timestamp": 1410966684
    },
    {
      "name": "Photo-Festivals / Foto-Festivals",
      "timestamp": 1410348309
    },
    {
      "name": "A Secret Magazine",
      "timestamp": 1410348298
    },
    {
      "name": "snffnglu",
      "timestamp": 1410298680
    },
    {
      "name": "Monat der Fotografie-OFF Berlin",
      "timestamp": 1410277979
    },
    {
      "name": "Moneyless Society",
      "timestamp": 1410118742
    },
    {
      "name": "Kadagaya",
      "timestamp": 1410093766
    },
    {
      "name": "It's Nice That",
      "timestamp": 1409585486
    },
    {
      "name": "Faceomat",
      "timestamp": 1409585474
    },
    {
      "name": "Ostkreuz - Agentur der Fotografen",
      "timestamp": 1409001674
    },
    {
      "name": "Cafe Tissardmine",
      "timestamp": 1408889420
    },
    {
      "name": "Galerie-Librairie Focale",
      "timestamp": 1408144673
    },
    {
      "name": "Ding magazine",
      "timestamp": 1406311298
    },
    {
      "name": "Night Contact",
      "timestamp": 1406113498
    },
    {
      "name": "Triangulation BLOG",
      "timestamp": 1405971083
    },
    {
      "name": "HUH.",
      "timestamp": 1405971002
    },
    {
      "name": "Urbanautica",
      "timestamp": 1405449069
    },
    {
      "name": "About Photography",
      "timestamp": 1405449065
    },
    {
      "name": "Novembre Magazine",
      "timestamp": 1405324702
    },
    {
      "name": "Sapori Nostri & Chef a Domicilio",
      "timestamp": 1404854487
    },
    {
      "name": "Dazed and Confused Magazine",
      "timestamp": 1404753121
    },
    {
      "name": "Mountain Game",
      "timestamp": 1404750743
    },
    {
      "name": "ABOUT NOW Magazin",
      "timestamp": 1404289708
    },
    {
      "name": "ERRR Magazine",
      "timestamp": 1404114240
    },
    {
      "name": "If You Leave",
      "timestamp": 1404114225
    },
    {
      "name": "SFMOMA San Francisco Museum of Modern Art",
      "timestamp": 1404101491
    },
    {
      "name": "GUP magazine",
      "timestamp": 1403925978
    },
    {
      "name": "Splash & Grab",
      "timestamp": 1403886827
    },
    {
      "name": "Carne",
      "timestamp": 1403599062
    },
    {
      "name": "Rorhof",
      "timestamp": 1403567137
    },
    {
      "name": "The Jealous Curator",
      "timestamp": 1403510065
    },
    {
      "name": "Freunde von Freunden",
      "timestamp": 1403084993
    },
    {
      "name": "Museum of Photographic Arts",
      "timestamp": 1402850879
    },
    {
      "name": "Paris Photo",
      "timestamp": 1402850829
    },
    {
      "name": "Unseen",
      "timestamp": 1402850817
    },
    {
      "name": "\"disegno: la nuova cultura industriale\"",
      "timestamp": 1402574898
    },
    {
      "name": "Fotofilmic",
      "timestamp": 1402491744
    },
    {
      "name": "TISSUE Magazine",
      "timestamp": 1401746841
    },
    {
      "name": "artzines.net",
      "timestamp": 1400869191
    },
    {
      "name": "Cahiers - Hefte zur Fotografie",
      "timestamp": 1400868924
    },
    {
      "name": "Portfolio Review",
      "timestamp": 1400868918
    },
    {
      "name": "Dienacht Magazine + Publishing",
      "timestamp": 1400868909
    },
    {
      "name": "Ria Lussi",
      "timestamp": 1399936881
    },
    {
      "name": "Ian Ruhter Photography",
      "timestamp": 1399567231
    },
    {
      "name": "GRID Photofestival",
      "timestamp": 1399566991
    },
    {
      "name": "(Z)ZeroCalcare",
      "timestamp": 1399543549
    },
    {
      "name": "Autonome Schule Z\u00c3\u00bcrich",
      "timestamp": 1399289629
    },
    {
      "name": "Der Greif - Organization for Contemporary Photography",
      "timestamp": 1399282634
    },
    {
      "name": "De' Soda Sisters",
      "timestamp": 1398625822
    },
    {
      "name": "Juxtapoz Magazine",
      "timestamp": 1397497025
    },
    {
      "name": "Of the Afternoon",
      "timestamp": 1396552436
    },
    {
      "name": "Ahorn Magazine - Ahorn Books",
      "timestamp": 1396552313
    },
    {
      "name": "In the In-Between: Journal of New and New Media Photography",
      "timestamp": 1396552198
    },
    {
      "name": "LENSCRATCH",
      "timestamp": 1396552057
    },
    {
      "name": "Visual Culture Blog",
      "timestamp": 1396551859
    },
    {
      "name": "ILOVETHATPHOTO",
      "timestamp": 1396551792
    },
    {
      "name": "Aint-Bad",
      "timestamp": 1396551780
    },
    {
      "name": "Foam Magazine",
      "timestamp": 1395520690
    },
    {
      "name": "GLI.TC/H",
      "timestamp": 1395500628
    },
    {
      "name": "FlakPhoto",
      "timestamp": 1393571623
    },
    {
      "name": "Self Publish, Be Happy",
      "timestamp": 1393571622
    },
    {
      "name": "Aperture Foundation",
      "timestamp": 1393571618
    },
    {
      "name": "Actual colors may vary",
      "timestamp": 1393571615
    },
    {
      "name": "Colors Magazine",
      "timestamp": 1393571604
    },
    {
      "name": "IGNANT",
      "timestamp": 1393571522
    },
    {
      "name": "Booooooom.com",
      "timestamp": 1393571503
    },
    {
      "name": "Lo-Fi Comics",
      "timestamp": 1393523212
    }
  ]
}